{
  "level1": {
    "民间借贷合同履行": 0.2064818848100456,
    "民间借贷关系的认定": 0.14993370799774178,
    "诉讼时效、担保期限、除斥期间": 0.1273378665434899,
    "民间借贷金额计算": 0.16176119220212903,
    "民间借贷诉讼程序": 0.04080773863065963,
    "民间借贷合同主体": 0.08728816003984553,
    "担保": 0.1140068483079007,
    "证据": 0.14079285896247973,
    "民间借贷合同变更": 0.05865344320047298,
    "涉虚假诉讼": 0.0034954052706409975,
    "民间借贷合同效力": 0.017856015978660485
  },
  "level2": {
    "出借款交付": 0.14781464103807818,
    "有借贷凭证": 0.09376992924151578,
    "诉讼时效、担保期限、除斥期间": 0.12265363305925173,
    "利息计算": 0.09515726844888665,
    "协议管辖": 0.012903919900184026,
    "实际借款人": 0.07266471828680203,
    "违约": 0.05153695670358296,
    "保证": 0.055052382670340974,
    "担保合同的成立": 0.039216322951211406,
    "其他费用": 0.1014609439009576,
    "当事人陈述": 0.07376638469759417,
    "担保的范围": 0.021122512079423398,
    "电子数据": 0.10990532453067649,
    "出借款偿还": 0.055591263229591,
    "本金计算": 0.03542617321051214,
    "无借贷凭证": 0.018269526732196208,
    "借贷与其他法律关系争议": 0.07887702604109431,
    "合同内容变更": 0.029322189594213715,
    "借贷身份关系": 0.04652101619815054,
    "合同主体变更": 0.03975186058790523,
    "其他关联主体": 0.03773112169492578,
    "虚假诉讼的识别": 0.0034956633420561503,
    "鉴定意见": 0.02338286358641428,
    "涉刑程序": 0.019132291082888633,
    "抵押": 0.029574568863368574,
    "第三人代为还款": 0.026228819377765084,
    "第三人代为受领出借款": 0.028151085339303994,
    "债务免除": 0.005381188131471371,
    "缺席审判": 0.007263600803415811,
    "存在撤诉行为": 0.009887769449298962,
    "特殊标的借贷": 0.009962093659931538,
    "合同有效特殊情形": 0.0035305710650157533,
    "借贷凭证瑕疵": 0.021142552787131636,
    "合同效力瑕疵": 0.00830117088466197,
    "债务抵销": 0.005465870296669319,
    "以他种给付清偿": 0.012540381792060549,
    "变更诉讼请求": 0.009040740361718069,
    "担保主体特殊情况": 0.01545040882770772,
    "送达的认定": 0.004439538266412547,
    "担保期限": 0.01869165343232846,
    "质押": 0.0061412239041615585,
    "第三人代为受领还款": 0.012135014411558592,
    "逾期举证失权": 0.003005264638384725,
    "管辖权异议": 0.0025316452061447743,
    "担保合同的变更": 0.0021477995957788617,
    "合同解除": 0.0061936743427023315,
    "合同生效附款": 0.0017182396766230895,
    "特殊借贷主体": 0.00461988768531237,
    "合同无效": 0.010109145718451137,
    "一事不再理": 0.002065698649297813,
    "公司清算": 0.0027542648657304172,
    "非典型担保": 0.007203634010313269,
    "担保范围约定与登记的不一致": 0.00020427436295259184,
    "担保责任的免除": 0.00096125250693466,
    "级别管辖": 0.001598541318311778,
    "反担保": 0.0015315772410224957,
    "法院审理的范围": 0.000988138051252516,
    "最高额担保": 0.0051165135874497525,
    "混合共同担保": 0.0008234483760437632,
    "出借人的检查、监督权": 0.0012513690082567083,
    "证据保全": 0.0008234483760437632,
    "共同诉讼的合并审理": 0.00020427436295259184,
    "公证债权文书争议": 0.0016845504626482185,
    "民事诉讼受案条件": 0.0029621920769445937,
    "抗辩权": 0.0008508762450124976,
    "保证人诉讼地位": 0.00037444350284939783,
    "合同保全": 0.00020427436295259184,
    "指定管辖": 0.00037444350284939783,
    "地域管辖": 0.00037444350284939783
  },
  "level3": {
    "银行转账交付借款": 0.11837480213767464,
    "还款协议": 0.03780127145724665,
    "诉讼时效起算点的认定": 0.09277703922561903,
    "债务人同意履行债务": 0.03290213816715356,
    "利率法定额度限制": 0.046642295328217384,
    "协议管辖": 0.012830079578713923,
    "其他借贷凭证": 0.044922324177933605,
    "婚姻存续期间双方共同对外借贷": 0.021026722888970763,
    "逾期利息的计算": 0.04186275318834538,
    "未如约履行": 0.05123263740974995,
    "连带保证": 0.038346069446095386,
    "担保合同的成立": 0.0387303109328355,
    "律师费": 0.04140113666458442,
    "自认": 0.07391390165271144,
    "实现债权的其他费用": 0.028081742798196672,
    "担保的范围": 0.020721080593892747,
    "违约金标准": 0.041171570453160986,
    "利息的起算点": 0.04288950804278067,
    "通过互联网金融账户或电子支付交付借款": 0.0421336636226114,
    "转账凭证": 0.05115647152530377,
    "电子转账记录": 0.026983824385673198,
    "利息与本金清偿顺序": 0.03068242169899236,
    "现金交付借款": 0.03986972603365477,
    "实际交付本金总额": 0.02547667054239969,
    "其他借贷事实": 0.012058959957676021,
    "电子聊天记录": 0.0840463036902372,
    "借贷与其他法律关系识别": 0.04457562798850434,
    "借款期限未约定或约定不明": 0.011975866283879866,
    "谈话录音": 0.04280263754446611,
    "变更还款期限（借款展期）": 0.025906181743664092,
    "债务分割": 0.002353905837018611,
    "债权人向债务人主张权利": 0.042843698325204294,
    "婚姻存续期间一方对外借贷": 0.034916158696403125,
    "个人独资企业投资人责任承担": 0.0007112897804733934,
    "投资关系与借贷关系识别": 0.047203409501902605,
    "出借人归还借据、撕毁借据或注明借据作废": 0.0125355007758358,
    "雇佣关系借贷": 0.009709547734132226,
    "有多个借贷凭证": 0.025400059316780906,
    "非自然人主体的变更": 0.012496516730847456,
    "出借人的继承人放弃继承": 0.0008536283260972993,
    "其他虚构债务的情形": 0.0011250885215542126,
    "其他方式交付借款": 0.023269847727784326,
    "亲属关系借贷": 0.027204822452660628,
    "物证鉴定": 0.02273748389384709,
    "保证意思的识别": 0.015994832541463357,
    "涉刑程序": 0.01898277606698584,
    "约定与实际交付的本金数额不一致": 0.015828562353697756,
    "抵押权设立": 0.025395161927852006,
    "多笔借款清偿顺序": 0.01077668868438611,
    "第三人代为还款": 0.025964523997029188,
    "合伙关系与借贷关系识别": 0.00975062456762473,
    "向借款人认可或约定的第三人交付借款": 0.02658067918727096,
    "权利人向法院起诉或者申请仲裁": 0.02232071979303569,
    "离婚协议中夫妻债权债务约定": 0.00967534763275253,
    "夫妻内部财产约定": 0.014525526585387314,
    "债务加入（债务承担）": 0.005451132969748174,
    "借贷主体间利息未约定或约定不明": 0.020923820136961622,
    "债务免除的生效": 0.005398593090367791,
    "其他中介": 0.012529539414997,
    "男女朋友借款": 0.01854121058802245,
    "缺席审判": 0.0071350780191827765,
    "存在撤诉行为": 0.009653688781957062,
    "出借或借刷银行卡": 0.009799716520030323,
    "提前还款": 0.002539833580101739,
    "非人民币借贷": 0.0031654206105446677,
    "买卖关系与借贷关系识别": 0.011081834830837432,
    "CPS多道心理测试（测谎）": 0.0017679962481566196,
    "借贷凭证签名瑕疵": 0.010207367368722312,
    "胁迫": 0.006739609091225612,
    "债务抵销": 0.005398593090367791,
    "以物抵债": 0.010628851339202272,
    "法定代理人": 0.00770030306486638,
    "一审变更诉讼请求": 0.008353026276664666,
    "公司对外担保": 0.023182610711633203,
    "通过互联网平台借贷": 0.026672538837013243,
    "其他借贷凭证瑕疵": 0.0051906820949243855,
    "诉讼保全担保费": 0.015161192293954016,
    "票据交付借款": 0.009971920038562126,
    "有价证券": 0.000533467335355045,
    "委托代理人": 0.006209594481131075,
    "法定代表人变更": 0.012066165439085615,
    "股权转让与借贷关系识别": 0.012759768651493475,
    "借贷凭证内容瑕疵": 0.009029594210792814,
    "向保证人交付借款": 0.0009913340930458616,
    "共同借款人": 0.027941388108689152,
    "加速到期条款": 0.012267213766958959,
    "服务费": 0.02757543248869884,
    "已支付的高额利息": 0.004544965353866269,
    "还款条件": 0.003377081975853005,
    "流抵押": 0.003930481540817437,
    "以股抵债 ": 0.002901331946661529,
    "利息变更": 0.005163871651656147,
    "送达的认定": 0.004237933216895203,
    "保证期间": 0.016405332327513532,
    "质权设立": 0.005600220410811913,
    "出借款未实际交付": 0.006669083193224956,
    "担保费": 0.002539833580101739,
    "法定代表人以自己名义借贷": 0.0063374788452143635,
    "向出借人认可或约定的第三人交付还款": 0.011374989333975525,
    "保证方式约定不明确": 0.007729508224196417,
    "其他身份关系借贷": 0.006650261737839147,
    "复利": 0.00825892659571672,
    "口头协议": 0.00961450941416653,
    "借款人诉讼时效抗辩权的行使": 0.002971773015221215,
    "债权转让": 0.03016960379528619,
    "逾期举证失权": 0.0030149848909062893,
    "抵押共同财产": 0.002550233068516253,
    "分居期间一方对外借贷": 0.0013217787907278155,
    "因垫付借款": 0.021392412360080593,
    "公司财产混同或人格混同": 0.0042370305066335,
    "管辖权异议": 0.002539833580101739,
    "法定代表人之外的职务行为": 0.005772894763075611,
    "加盖伪章": 0.001959546092241937,
    "向代理人交付借款": 0.000533467335355045,
    "担保合同的变更": 0.0021547464563548093,
    "抵押期限": 0.004452313322709536,
    "合同解除的通知": 0.0007112897804733934,
    "借款合同附条件": 0.0016037116534235955,
    "受托人以自己名义借款": 0.002883898591301668,
    "伪造债权凭证": 0.0010984893906086852,
    "分支机构借贷": 0.0023326714958888666,
    "空白借贷协议签章": 0.002594854913969505,
    "一般保证": 0.0016295297733623332,
    "利息损失": 0.002807184483270343,
    "向表见受领权人交付还款": 0.0011250885215542126,
    "见证人": 0.008313445556526427,
    "套路贷": 0.0008536283260972993,
    "以其他币种清偿": 0.0009913340930458616,
    "与起诉或申请仲裁具有相同效力的其他情形": 0.004667446829720707,
    "滞纳金": 0.00726032535456937,