{
  "level1": {
    "最高人民法院关于审理民间借贷案件适用法律若干问题的规定": 1.0410318070963183,
    "中华人民共和国涉外民事关系法律适用法": 0.1562035742448329,
    "最高人民法院关于审理涉及夫妻债务纠纷案件适用法律有关问题的解释": 0.4073419687549431,
    "最高人民法院关于适用《中华人民共和国婚姻法》若干问题的解释（二）": 0.14036027037223575,
    "中华人民共和国合同法": 0.11255456928991561,
    "中华人民共和国公司法": 0.06360561481232245,
    "最高人民法院关于审理民事案件适用诉讼时效制度若干问题的规定": 0.0422849033838378,
    "中华人民共和国合伙企业法": 0.010884883635541577
  },
  "level2": {
    "最高人民法院关于审理民间借贷案件适用法律若干问题的规定-第二十六条": 0.4751930880660183,
    "最高人民法院关于审理民间借贷案件适用法律若干问题的规定-第三十条": 0.24292760764042523,
    "最高人民法院关于审理民间借贷案件适用法律若干问题的规定-第二十九条": 0.6386737346045179,
    "最高人民法院关于审理民间借贷案件适用法律若干问题的规定-第二十三条": 0.09128387644557437,
    "中华人民共和国涉外民事关系法律适用法-第四十一条": 0.1542009643186171,
    "最高人民法院关于审理涉及夫妻债务纠纷案件适用法律有关问题的解释-第三条": 0.26769692274219725,
    "最高人民法院关于审理民间借贷案件适用法律若干问题的规定-第二十八条": 0.1542009643186171,
    "最高人民法院关于审理涉及夫妻债务纠纷案件适用法律有关问题的解释-第二条": 0.13720836446483015,
    "最高人民法院关于审理涉及夫妻债务纠纷案件适用法律有关问题的解释-第一条": 0.13242478624779996,
    "最高人民法院关于适用《中华人民共和国婚姻法》若干问题的解释（二）-第二十四条": 0.14036027037223575,
    "中华人民共和国合同法-第六十二条": 0.0661248192312628,
    "最高人民法院关于审理民间借贷案件适用法律若干问题的规定-第十四条": 0.0681580951054689,
    "最高人民法院关于审理民间借贷案件适用法律若干问题的规定-第十一条": 0.022413610729689153,
    "最高人民法院关于审理民间借贷案件适用法律若干问题的规定-第三十二条": 0.03995076300735785,
    "最高人民法院关于审理民间借贷案件适用法律若干问题的规定-第三十一条": 0.032722181051366483,
    "最高人民法院关于审理民间借贷案件适用法律若干问题的规定-第九条": 0.09128387644557437,
    "最高人民法院关于审理民间借贷案件适用法律若干问题的规定-第二十七条": 0.12429529536713126,
    "中华人民共和国公司法-第十四条": 0.007664867935153441,
    "最高人民法院关于审理民间借贷案件适用法律若干问题的规定-第二十一条": 0.004181501355089504,
    "最高人民法院关于审理民事案件适用诉讼时效制度若干问题的规定-第六条": 0.027680287636188586,
    "中华人民共和国公司法-第二十条": 0.03758085688870945,
    "最高人民法院关于审理民事案件适用诉讼时效制度若干问题的规定-第十六条": 0.010884883635541577,
    "中华人民共和国合同法-第八十四条": 0.03995076300735785,
    "最高人民法院关于审理民间借贷案件适用法律若干问题的规定-第二十二条": 0.007664867935153441,
    "最高人民法院关于审理民间借贷案件适用法律若干问题的规定-第十三条": 0.007664867935153441,
    "中华人民共和国合同法-第七十九条": 0.032722181051366483,
    "最高人民法院关于审理民间借贷案件适用法律若干问题的规定-第十二条": 0.010884883635541577,
    "中华人民共和国公司法-第六十三条": 0.027680287636188586,
    "最高人民法院关于审理民事案件适用诉讼时效制度若干问题的规定-第十五条": 0.004181501355089504,
    "中华人民共和国合伙企业法-第二条": 0.010884883635541577,
    "最高人民法院关于审理民间借贷案件适用法律若干问题的规定-第三条": 0.004181501355089504,
    "最高人民法院关于审理民事案件适用诉讼时效制度若干问题的规定-第十七条": 0.007664867935153441,
    "中华人民共和国涉外民事关系法律适用法-第三条": 0.004181501355089504,
    "最高人民法院关于审理民间借贷案件适用法律若干问题的规定-第十条": 0.010884883635541577,
    "最高人民法院关于审理民间借贷案件适用法律若干问题的规定-第二十四条": 0.004181501355089504
  }
}